"0","seven_eight_brm <- brm(glucose ~ trt,"
"0","                 data=seven_eight,"
"0","                 family=gaussian(),"
"0","                 file=""Models/seven_eight_brm.rds"","
"0","                 file_refit=""on_change"")"
"2","Compiling Stan program...
"
"2","Warning in system(paste(CXX, ARGS), ignore.stdout = TRUE, ignore.stderr = TRUE) :"
"2","
 "
"2"," '-E' not found
"
"2","Start sampling
"
"1","
"
"1",""
"1","SAMPLING"
"1",""
"1"," FOR MODEL '"
"1",""
"1","8544f0ea7ade77b59349b0d5b5ee7d6e"
"1",""
"1","' NOW (CHAIN "
"1",""
"1","1"
"1",""
"1",").
"
"1","Chain "
"1","1"
"1",": "
"1",""
"1","
"
"1","Chain "
"1","1"
"1",": "
"1","Gradient evaluation took 0 seconds"
"1","
"
"1","Chain "
"1","1"
"1",": "
"1","1000 transitions using 10 leapfrog steps per transition would take 0 seconds."
"1","
"
"1","Chain "
"1","1"
"1",": "
"1","Adjust your expectations accordingly!"
"1","
"
"1","Chain "
"1","1"
"1",": "
"1",""
"1","
"
"1","Chain "
"1","1"
"1",": "
"1",""
"1","
"
"1","Chain "
"1","1"
"1",": "
"1","Iteration:    1 / 2000 [  0%]  (Warmup)"
"1","
"
"1","Chain "
"1","1"
"1",": "
"1","Iteration:  200 / 2000 [ 10%]  (Warmup)"
"1","
"
"1","Chain "
"1","1"
"1",": "
"1","Iteration:  400 / 2000 [ 20%]  (Warmup)"
"1","
"
"1","Chain "
"1","1"
"1",": "
"1","Iteration:  600 / 2000 [ 30%]  (Warmup)"
"1","
"
"1","Chain "
"1","1"
"1",": "
"1","Iteration:  800 / 2000 [ 40%]  (Warmup)"
"1","
"
"1","Chain "
"1","1"
"1",": "
"1","Iteration: 1000 / 2000 [ 50%]  (Warmup)"
"1","
"
"1","Chain "
"1","1"
"1",": "
"1","Iteration: 1001 / 2000 [ 50%]  (Sampling)"
"1","
"
"1","Chain "
"1","1"
"1",": "
"1","Iteration: 1200 / 2000 [ 60%]  (Sampling)"
"1","
"
"1","Chain "
"1","1"
"1",": "
"1","Iteration: 1400 / 2000 [ 70%]  (Sampling)"
"1","
"
"1","Chain "
"1","1"
"1",": "
"1","Iteration: 1600 / 2000 [ 80%]  (Sampling)"
"1","
"
"1","Chain "
"1","1"
"1",": "
"1","Iteration: 1800 / 2000 [ 90%]  (Sampling)"
"1","
"
"1","Chain "
"1","1"
"1",": "
"1","Iteration: 2000 / 2000 [100%]  (Sampling)"
"1","
"
"1","Chain "
"1","1"
"1",": "
"1",""
"1","
"
"1","Chain "
"1","1"
"1",": "
"1"," Elapsed Time: 0.137 seconds (Warm-up)"
"1","
"
"1","Chain "
"1","1"
"1",": "
"1","               0.148 seconds (Sampling)"
"1","
"
"1","Chain "
"1","1"
"1",": "
"1","               0.285 seconds (Total)"
"1","
"
"1","Chain "
"1","1"
"1",": "
"1",""
"1","
"
"1","
"
"1",""
"1","SAMPLING"
"1",""
"1"," FOR MODEL '"
"1",""
"1","8544f0ea7ade77b59349b0d5b5ee7d6e"
"1",""
"1","' NOW (CHAIN "
"1",""
"1","2"
"1",""
"1",").
"
"1","Chain "
"1","2"
"1",": "
"1",""
"1","
"
"1","Chain "
"1","2"
"1",": "
"1","Gradient evaluation took 0 seconds"
"1","
"
"1","Chain "
"1","2"
"1",": "
"1","1000 transitions using 10 leapfrog steps per transition would take 0 seconds."
"1","
"
"1","Chain "
"1","2"
"1",": "
"1","Adjust your expectations accordingly!"
"1","
"
"1","Chain "
"1","2"
"1",": "
"1",""
"1","
"
"1","Chain "
"1","2"
"1",": "
"1",""
"1","
"
"1","Chain "
"1","2"
"1",": "
"1","Iteration:    1 / 2000 [  0%]  (Warmup)"
"1","
"
"1","Chain "
"1","2"
"1",": "
"1","Iteration:  200 / 2000 [ 10%]  (Warmup)"
"1","
"
"1","Chain "
"1","2"
"1",": "
"1","Iteration:  400 / 2000 [ 20%]  (Warmup)"
"1","
"
"1","Chain "
"1","2"
"1",": "
"1","Iteration:  600 / 2000 [ 30%]  (Warmup)"
"1","
"
"1","Chain "
"1","2"
"1",": "
"1","Iteration:  800 / 2000 [ 40%]  (Warmup)"
"1","
"
"1","Chain "
"1","2"
"1",": "
"1","Iteration: 1000 / 2000 [ 50%]  (Warmup)"
"1","
"
"1","Chain "
"1","2"
"1",": "
"1","Iteration: 1001 / 2000 [ 50%]  (Sampling)"
"1","
"
"1","Chain "
"1","2"
"1",": "
"1","Iteration: 1200 / 2000 [ 60%]  (Sampling)"
"1","
"
"1","Chain "
"1","2"
"1",": "
"1","Iteration: 1400 / 2000 [ 70%]  (Sampling)"
"1","
"
"1","Chain "
"1","2"
"1",": "
"1","Iteration: 1600 / 2000 [ 80%]  (Sampling)"
"1","
"
"1","Chain "
"1","2"
"1",": "
"1","Iteration: 1800 / 2000 [ 90%]  (Sampling)"
"1","
"
"1","Chain "
"1","2"
"1",": "
"1","Iteration: 2000 / 2000 [100%]  (Sampling)"
"1","
"
"1","Chain "
"1","2"
"1",": "
"1",""
"1","
"
"1","Chain "
"1","2"
"1",": "
"1"," Elapsed Time: 0.129 seconds (Warm-up)"
"1","
"
"1","Chain "
"1","2"
"1",": "
"1","               0.132 seconds (Sampling)"
"1","
"
"1","Chain "
"1","2"
"1",": "
"1","               0.261 seconds (Total)"
"1","
"
"1","Chain "
"1","2"
"1",": "
"1",""
"1","
"
"1","
"
"1",""
"1","SAMPLING"
"1",""
"1"," FOR MODEL '"
"1",""
"1","8544f0ea7ade77b59349b0d5b5ee7d6e"
"1",""
"1","' NOW (CHAIN "
"1",""
"1","3"
"1",""
"1",").
"
"1","Chain "
"1","3"
"1",": "
"1",""
"1","
"
"1","Chain "
"1","3"
"1",": "
"1","Gradient evaluation took 0 seconds"
"1","
"
"1","Chain "
"1","3"
"1",": "
"1","1000 transitions using 10 leapfrog steps per transition would take 0 seconds."
"1","
"
"1","Chain "
"1","3"
"1",": "
"1","Adjust your expectations accordingly!"
"1","
"
"1","Chain "
"1","3"
"1",": "
"1",""
"1","
"
"1","Chain "
"1","3"
"1",": "
"1",""
"1","
"
"1","Chain "
"1","3"
"1",": "
"1","Iteration:    1 / 2000 [  0%]  (Warmup)"
"1","
"
"1","Chain "
"1","3"
"1",": "
"1","Iteration:  200 / 2000 [ 10%]  (Warmup)"
"1","
"
"1","Chain "
"1","3"
"1",": "
"1","Iteration:  400 / 2000 [ 20%]  (Warmup)"
"1","
"
"1","Chain "
"1","3"
"1",": "
"1","Iteration:  600 / 2000 [ 30%]  (Warmup)"
"1","
"
"1","Chain "
"1","3"
"1",": "
"1","Iteration:  800 / 2000 [ 40%]  (Warmup)"
"1","
"
"1","Chain "
"1","3"
"1",": "
"1","Iteration: 1000 / 2000 [ 50%]  (Warmup)"
"1","
"
"1","Chain "
"1","3"
"1",": "
"1","Iteration: 1001 / 2000 [ 50%]  (Sampling)"
"1","
"
"1","Chain "
"1","3"
"1",": "
"1","Iteration: 1200 / 2000 [ 60%]  (Sampling)"
"1","
"
"1","Chain "
"1","3"
"1",": "
"1","Iteration: 1400 / 2000 [ 70%]  (Sampling)"
"1","
"
"1","Chain "
"1","3"
"1",": "
"1","Iteration: 1600 / 2000 [ 80%]  (Sampling)"
"1","
"
"1","Chain "
"1","3"
"1",": "
"1","Iteration: 1800 / 2000 [ 90%]  (Sampling)"
"1","
"
"1","Chain "
"1","3"
"1",": "
"1","Iteration: 2000 / 2000 [100%]  (Sampling)"
"1","
"
"1","Chain "
"1","3"
"1",": "
"1",""
"1","
"
"1","Chain "
"1","3"
"1",": "
"1"," Elapsed Time: 0.135 seconds (Warm-up)"
"1","
"
"1","Chain "
"1","3"
"1",": "
"1","               0.143 seconds (Sampling)"
"1","
"
"1","Chain "
"1","3"
"1",": "
"1","               0.278 seconds (Total)"
"1","
"
"1","Chain "
"1","3"
"1",": "
"1",""
"1","
"
"1","
"
"1",""
"1","SAMPLING"
"1",""
"1"," FOR MODEL '"
"1",""
"1","8544f0ea7ade77b59349b0d5b5ee7d6e"
"1",""
"1","' NOW (CHAIN "
"1",""
"1","4"
"1",""
"1",").
"
"1","Chain "
"1","4"
"1",": "
"1",""
"1","
"
"1","Chain "
"1","4"
"1",": "
"1","Gradient evaluation took 0 seconds"
"1","
"
"1","Chain "
"1","4"
"1",": "
"1","1000 transitions using 10 leapfrog steps per transition would take 0 seconds."
"1","
"
"1","Chain "
"1","4"
"1",": "
"1","Adjust your expectations accordingly!"
"1","
"
"1","Chain "
"1","4"
"1",": "
"1",""
"1","
"
"1","Chain "
"1","4"
"1",": "
"1",""
"1","
"
"1","Chain "
"1","4"
"1",": "
"1","Iteration:    1 / 2000 [  0%]  (Warmup)"
"1","
"
"1","Chain "
"1","4"
"1",": "
"1","Iteration:  200 / 2000 [ 10%]  (Warmup)"
"1","
"
"1","Chain "
"1","4"
"1",": "
"1","Iteration:  400 / 2000 [ 20%]  (Warmup)"
"1","
"
"1","Chain "
"1","4"
"1",": "
"1","Iteration:  600 / 2000 [ 30%]  (Warmup)"
"1","
"
"1","Chain "
"1","4"
"1",": "
"1","Iteration:  800 / 2000 [ 40%]  (Warmup)"
"1","
"
"1","Chain "
"1","4"
"1",": "
"1","Iteration: 1000 / 2000 [ 50%]  (Warmup)"
"1","
"
"1","Chain "
"1","4"
"1",": "
"1","Iteration: 1001 / 2000 [ 50%]  (Sampling)"
"1","
"
"1","Chain "
"1","4"
"1",": "
"1","Iteration: 1200 / 2000 [ 60%]  (Sampling)"
"1","
"
"1","Chain "
"1","4"
"1",": "
"1","Iteration: 1400 / 2000 [ 70%]  (Sampling)"
"1","
"
"1","Chain "
"1","4"
"1",": "
"1","Iteration: 1600 / 2000 [ 80%]  (Sampling)"
"1","
"
"1","Chain "
"1","4"
"1",": "
"1","Iteration: 1800 / 2000 [ 90%]  (Sampling)"
"1","
"
"1","Chain "
"1","4"
"1",": "
"1","Iteration: 2000 / 2000 [100%]  (Sampling)"
"1","
"
"1","Chain "
"1","4"
"1",": "
"1",""
"1","
"
"1","Chain "
"1","4"
"1",": "
"1"," Elapsed Time: 0.136 seconds (Warm-up)"
"1","
"
"1","Chain "
"1","4"
"1",": "
"1","               0.155 seconds (Sampling)"
"1","
"
"1","Chain "
"1","4"
"1",": "
"1","               0.291 seconds (Total)"
"1","
"
"1","Chain "
"1","4"
"1",": "
"1",""
"1","
"
"0","                "
"0","saveRDS(seven_eight_brm, ""Models/seven_eight_brm.rds"")"
"0",""
"0","#eight_seven_brm <- brm(glucose ~ 1,"
"0"," #                data = eight_seven,"
"0","  #               family = gaussian(),"
"0","   #              file=""Models/eight_seven_brm.rds"","
"0","    #             file_refit=""on_change"")"
"0",""
"0","#saveRDS(eight_seven_brm, ""Models/eight_seven_brm.rds"")"
"0",""
"0","seven_seven_brm <- brm(glucose ~ trt,"
"0","                       data = seven_seven,"
"0","                       family=gaussian(),"
"0","                       file=""Models/seven_seven_brm.rds"","
"0","                       file_refit=""on_change"")"
"2","Compiling Stan program...
"
"2","Warning in system(paste(CXX, ARGS), ignore.stdout = TRUE, ignore.stderr = TRUE) :"
"2","
 "
"2"," '-E' not found
"
"2","Start sampling
"
"1","
"
"1",""
"1","SAMPLING"
"1",""
"1"," FOR MODEL '"
"1",""
"1","e8e19d060273b8e0f0150b71de5ff978"
"1",""
"1","' NOW (CHAIN "
"1",""
"1","1"
"1",""
"1",").
"
"1","Chain "
"1","1"
"1",": "
"1",""
"1","
"
"1","Chain "
"1","1"
"1",": "
"1","Gradient evaluation took 0 seconds"
"1","
"
"1","Chain "
"1","1"
"1",": "
"1","1000 transitions using 10 leapfrog steps per transition would take 0 seconds."
"1","
"
"1","Chain "
"1","1"
"1",": "
"1","Adjust your expectations accordingly!"
"1","
"
"1","Chain "
"1","1"
"1",": "
"1",""
"1","
"
"1","Chain "
"1","1"
"1",": "
"1",""
"1","
"
"1","Chain "
"1","1"
"1",": "
"1","Iteration:    1 / 2000 [  0%]  (Warmup)"
"1","
"
"1","Chain "
"1","1"
"1",": "
"1","Iteration:  200 / 2000 [ 10%]  (Warmup)"
"1","
"
"1","Chain "
"1","1"
"1",": "
"1","Iteration:  400 / 2000 [ 20%]  (Warmup)"
"1","
"
"1","Chain "
"1","1"
"1",": "
"1","Iteration:  600 / 2000 [ 30%]  (Warmup)"
"1","
"
"1","Chain "
"1","1"
"1",": "
"1","Iteration:  800 / 2000 [ 40%]  (Warmup)"
"1","
"
"1","Chain "
"1","1"
"1",": "
"1","Iteration: 1000 / 2000 [ 50%]  (Warmup)"
"1","
"
"1","Chain "
"1","1"
"1",": "
"1","Iteration: 1001 / 2000 [ 50%]  (Sampling)"
"1","
"
"1","Chain "
"1","1"
"1",": "
"1","Iteration: 1200 / 2000 [ 60%]  (Sampling)"
"1","
"
"1","Chain "
"1","1"
"1",": "
"1","Iteration: 1400 / 2000 [ 70%]  (Sampling)"
"1","
"
"1","Chain "
"1","1"
"1",": "
"1","Iteration: 1600 / 2000 [ 80%]  (Sampling)"
"1","
"
"1","Chain "
"1","1"
"1",": "
"1","Iteration: 1800 / 2000 [ 90%]  (Sampling)"
"1","
"
"1","Chain "
"1","1"
"1",": "
"1","Iteration: 2000 / 2000 [100%]  (Sampling)"
"1","
"
"1","Chain "
"1","1"
"1",": "
"1",""
"1","
"
"1","Chain "
"1","1"
"1",": "
"1"," Elapsed Time: 0.151 seconds (Warm-up)"
"1","
"
"1","Chain "
"1","1"
"1",": "
"1","               0.13 seconds (Sampling)"
"1","
"
"1","Chain "
"1","1"
"1",": "
"1","               0.281 seconds (Total)"
"1","
"
"1","Chain "
"1","1"
"1",": "
"1",""
"1","
"
"1","
"
"1",""
"1","SAMPLING"
"1",""
"1"," FOR MODEL '"
"1",""
"1","e8e19d060273b8e0f0150b71de5ff978"
"1",""
"1","' NOW (CHAIN "
"1",""
"1","2"
"1",""
"1",").
"
"1","Chain "
"1","2"
"1",": "
"1",""
"1","
"
"1","Chain "
"1","2"
"1",": "
"1","Gradient evaluation took 0 seconds"
"1","
"
"1","Chain "
"1","2"
"1",": "
"1","1000 transitions using 10 leapfrog steps per transition would take 0 seconds."
"1","
"
"1","Chain "
"1","2"
"1",": "
"1","Adjust your expectations accordingly!"
"1","
"
"1","Chain "
"1","2"
"1",": "
"1",""
"1","
"
"1","Chain "
"1","2"
"1",": "
"1",""
"1","
"
"1","Chain "
"1","2"
"1",": "
"1","Iteration:    1 / 2000 [  0%]  (Warmup)"
"1","
"
"1","Chain "
"1","2"
"1",": "
"1","Iteration:  200 / 2000 [ 10%]  (Warmup)"
"1","
"
"1","Chain "
"1","2"
"1",": "
"1","Iteration:  400 / 2000 [ 20%]  (Warmup)"
"1","
"
"1","Chain "
"1","2"
"1",": "
"1","Iteration:  600 / 2000 [ 30%]  (Warmup)"
"1","
"
"1","Chain "
"1","2"
"1",": "
"1","Iteration:  800 / 2000 [ 40%]  (Warmup)"
"1","
"
"1","Chain "
"1","2"
"1",": "
"1","Iteration: 1000 / 2000 [ 50%]  (Warmup)"
"1","
"
"1","Chain "
"1","2"
"1",": "
"1","Iteration: 1001 / 2000 [ 50%]  (Sampling)"
"1","
"
"1","Chain "
"1","2"
"1",": "
"1","Iteration: 1200 / 2000 [ 60%]  (Sampling)"
"1","
"
"1","Chain "
"1","2"
"1",": "
"1","Iteration: 1400 / 2000 [ 70%]  (Sampling)"
"1","
"
"1","Chain "
"1","2"
"1",": "
"1","Iteration: 1600 / 2000 [ 80%]  (Sampling)"
"1","
"
"1","Chain "
"1","2"
"1",": "
"1","Iteration: 1800 / 2000 [ 90%]  (Sampling)"
"1","
"
"1","Chain "
"1","2"
"1",": "
"1","Iteration: 2000 / 2000 [100%]  (Sampling)"
"1","
"
"1","Chain "
"1","2"
"1",": "
"1",""
"1","
"
"1","Chain "
"1","2"
"1",": "
"1"," Elapsed Time: 0.129 seconds (Warm-up)"
"1","
"
"1","Chain "
"1","2"
"1",": "
"1","               0.139 seconds (Sampling)"
"1","
"
"1","Chain "
"1","2"
"1",": "
"1","               0.268 seconds (Total)"
"1","
"
"1","Chain "
"1","2"
"1",": "
"1",""
"1","
"
"1","
"
"1",""
"1","SAMPLING"
"1",""
"1"," FOR MODEL '"
"1",""
"1","e8e19d060273b8e0f0150b71de5ff978"
"1",""
"1","' NOW (CHAIN "
"1",""
"1","3"
"1",""
"1",").
"
"1","Chain "
"1","3"
"1",": "
"1",""
"1","
"
"1","Chain "
"1","3"
"1",": "
"1","Gradient evaluation took 0 seconds"
"1","
"
"1","Chain "
"1","3"
"1",": "
"1","1000 transitions using 10 leapfrog steps per transition would take 0 seconds."
"1","
"
"1","Chain "
"1","3"
"1",": "
"1","Adjust your expectations accordingly!"
"1","
"
"1","Chain "
"1","3"
"1",": "
"1",""
"1","
"
"1","Chain "
"1","3"
"1",": "
"1",""
"1","
"
"1","Chain "
"1","3"
"1",": "
"1","Iteration:    1 / 2000 [  0%]  (Warmup)"
"1","
"
"1","Chain "
"1","3"
"1",": "
"1","Iteration:  200 / 2000 [ 10%]  (Warmup)"
"1","
"
"1","Chain "
"1","3"
"1",": "
"1","Iteration:  400 / 2000 [ 20%]  (Warmup)"
"1","
"
"1","Chain "
"1","3"
"1",": "
"1","Iteration:  600 / 2000 [ 30%]  (Warmup)"
"1","
"
"1","Chain "
"1","3"
"1",": "
"1","Iteration:  800 / 2000 [ 40%]  (Warmup)"
"1","
"
"1","Chain "
"1","3"
"1",": "
"1","Iteration: 1000 / 2000 [ 50%]  (Warmup)"
"1","
"
"1","Chain "
"1","3"
"1",": "
"1","Iteration: 1001 / 2000 [ 50%]  (Sampling)"
"1","
"
"1","Chain "
"1","3"
"1",": "
"1","Iteration: 1200 / 2000 [ 60%]  (Sampling)"
"1","
"
"1","Chain "
"1","3"
"1",": "
"1","Iteration: 1400 / 2000 [ 70%]  (Sampling)"
"1","
"
"1","Chain "
"1","3"
"1",": "
"1","Iteration: 1600 / 2000 [ 80%]  (Sampling)"
"1","
"
"1","Chain "
"1","3"
"1",": "
"1","Iteration: 1800 / 2000 [ 90%]  (Sampling)"
"1","
"
"1","Chain "
"1","3"
"1",": "
"1","Iteration: 2000 / 2000 [100%]  (Sampling)"
"1","
"
"1","Chain "
"1","3"
"1",": "
"1",""
"1","
"
"1","Chain "
"1","3"
"1",": "
"1"," Elapsed Time: 0.129 seconds (Warm-up)"
"1","
"
"1","Chain "
"1","3"
"1",": "
"1","               0.132 seconds (Sampling)"
"1","
"
"1","Chain "
"1","3"
"1",": "
"1","               0.261 seconds (Total)"
"1","
"
"1","Chain "
"1","3"
"1",": "
"1",""
"1","
"
"1","
"
"1",""
"1","SAMPLING"
"1",""
"1"," FOR MODEL '"
"1",""
"1","e8e19d060273b8e0f0150b71de5ff978"
"1",""
"1","' NOW (CHAIN "
"1",""
"1","4"
"1",""
"1",").
"
"1","Chain "
"1","4"
"1",": "
"1",""
"1","
"
"1","Chain "
"1","4"
"1",": "
"1","Gradient evaluation took 0 seconds"
"1","
"
"1","Chain "
"1","4"
"1",": "
"1","1000 transitions using 10 leapfrog steps per transition would take 0 seconds."
"1","
"
"1","Chain "
"1","4"
"1",": "
"1","Adjust your expectations accordingly!"
"1","
"
"1","Chain "
"1","4"
"1",": "
"1",""
"1","
"
"1","Chain "
"1","4"
"1",": "
"1",""
"1","
"
"1","Chain "
"1","4"
"1",": "
"1","Iteration:    1 / 2000 [  0%]  (Warmup)"
"1","
"
"1","Chain "
"1","4"
"1",": "
"1","Iteration:  200 / 2000 [ 10%]  (Warmup)"
"1","
"
"1","Chain "
"1","4"
"1",": "
"1","Iteration:  400 / 2000 [ 20%]  (Warmup)"
"1","
"
"1","Chain "
"1","4"
"1",": "
"1","Iteration:  600 / 2000 [ 30%]  (Warmup)"
"1","
"
"1","Chain "
"1","4"
"1",": "
"1","Iteration:  800 / 2000 [ 40%]  (Warmup)"
"1","
"
"1","Chain "
"1","4"
"1",": "
"1","Iteration: 1000 / 2000 [ 50%]  (Warmup)"
"1","
"
"1","Chain "
"1","4"
"1",": "
"1","Iteration: 1001 / 2000 [ 50%]  (Sampling)"
"1","
"
"1","Chain "
"1","4"
"1",": "
"1","Iteration: 1200 / 2000 [ 60%]  (Sampling)"
"1","
"
"1","Chain "
"1","4"
"1",": "
"1","Iteration: 1400 / 2000 [ 70%]  (Sampling)"
"1","
"
"1","Chain "
"1","4"
"1",": "
"1","Iteration: 1600 / 2000 [ 80%]  (Sampling)"
"1","
"
"1","Chain "
"1","4"
"1",": "
"1","Iteration: 1800 / 2000 [ 90%]  (Sampling)"
"1","
"
"1","Chain "
"1","4"
"1",": "
"1","Iteration: 2000 / 2000 [100%]  (Sampling)"
"1","
"
"1","Chain "
"1","4"
"1",": "
"1",""
"1","
"
"1","Chain "
"1","4"
"1",": "
"1"," Elapsed Time: 0.133 seconds (Warm-up)"
"1","
"
"1","Chain "
"1","4"
"1",": "
"1","               0.155 seconds (Sampling)"
"1","
"
"1","Chain "
"1","4"
"1",": "
"1","               0.288 seconds (Total)"
"1","
"
"1","Chain "
"1","4"
"1",": "
"1",""
"1","
"
"0","saveRDS(seven_seven_brm, ""Models/seven_seven_brm.rds"")"
"0",""
"0","#three_three_brm <- brm(glucose ~ 1,"
"0","                     #  data=three_three,"
"0","                      # family=gaussian(),"
"0","                       #file=""Models/three_three_brm.rds"","
"0","                       #file_refit=""on_change"")"
"0",""
"0","#saveRDS(three_three_brm, ""Models/three_three_brm.rds"")"
"0",""
"0","five_five_brm <- brm(glucose ~ trt,"
"0","                     data=five_five,"
"0","                     family=gaussian(),"
"0","                     file=""Models/five_five_brm.rds"","
"0","                     file_refit=""on_change"")"
"2","Compiling Stan program...
"
"2","Warning in system(paste(CXX, ARGS), ignore.stdout = TRUE, ignore.stderr = TRUE) :"
"2","
 "
"2"," '-E' not found
"
"2","Start sampling
"
"1","
"
"1",""
"1","SAMPLING"
"1",""
"1"," FOR MODEL '"
"1",""
"1","b40a75da5b544885cb4558c2dae93e55"
"1",""
"1","' NOW (CHAIN "
"1",""
"1","1"
"1",""
"1",").
"
"1","Chain "
"1","1"
"1",": "
"1",""
"1","
"
"1","Chain "
"1","1"
"1",": "
"1","Gradient evaluation took 0 seconds"
"1","
"
"1","Chain "
"1","1"
"1",": "
"1","1000 transitions using 10 leapfrog steps per transition would take 0 seconds."
"1","
"
"1","Chain "
"1","1"
"1",": "
"1","Adjust your expectations accordingly!"
"1","
"
"1","Chain "
"1","1"
"1",": "
"1",""
"1","
"
"1","Chain "
"1","1"
"1",": "
"1",""
"1","
"
"1","Chain "
"1","1"
"1",": "
"1","Iteration:    1 / 2000 [  0%]  (Warmup)"
"1","
"
"1","Chain "
"1","1"
"1",": "
"1","Iteration:  200 / 2000 [ 10%]  (Warmup)"
"1","
"
"1","Chain "
"1","1"
"1",": "
"1","Iteration:  400 / 2000 [ 20%]  (Warmup)"
"1","
"
"1","Chain "
"1","1"
"1",": "
"1","Iteration:  600 / 2000 [ 30%]  (Warmup)"
"1","
"
"1","Chain "
"1","1"
"1",": "
"1","Iteration:  800 / 2000 [ 40%]  (Warmup)"
"1","
"
"1","Chain "
"1","1"
"1",": "
"1","Iteration: 1000 / 2000 [ 50%]  (Warmup)"
"1","
"
"1","Chain "
"1","1"
"1",": "
"1","Iteration: 1001 / 2000 [ 50%]  (Sampling)"
"1","
"
"1","Chain "
"1","1"
"1",": "
"1","Iteration: 1200 / 2000 [ 60%]  (Sampling)"
"1","
"
"1","Chain "
"1","1"
"1",": "
"1","Iteration: 1400 / 2000 [ 70%]  (Sampling)"
"1","
"
"1","Chain "
"1","1"
"1",": "
"1","Iteration: 1600 / 2000 [ 80%]  (Sampling)"
"1","
"
"1","Chain "
"1","1"
"1",": "
"1","Iteration: 1800 / 2000 [ 90%]  (Sampling)"
"1","
"
"1","Chain "
"1","1"
"1",": "
"1","Iteration: 2000 / 2000 [100%]  (Sampling)"
"1","
"
"1","Chain "
"1","1"
"1",": "
"1",""
"1","
"
"1","Chain "
"1","1"
"1",": "
"1"," Elapsed Time: 0.151 seconds (Warm-up)"
"1","
"
"1","Chain "
"1","1"
"1",": "
"1","               0.112 seconds (Sampling)"
"1","
"
"1","Chain "
"1","1"
"1",": "
"1","               0.263 seconds (Total)"
"1","
"
"1","Chain "
"1","1"
"1",": "
"1",""
"1","
"
"1","
"
"1",""
"1","SAMPLING"
"1",""
"1"," FOR MODEL '"
"1",""
"1","b40a75da5b544885cb4558c2dae93e55"
"1",""
"1","' NOW (CHAIN "
"1",""
"1","2"
"1",""
"1",").
"
"1","Chain "
"1","2"
"1",": "
"1",""
"1","
"
"1","Chain "
"1","2"
"1",": "
"1","Gradient evaluation took 0 seconds"
"1","
"
"1","Chain "
"1","2"
"1",": "
"1","1000 transitions using 10 leapfrog steps per transition would take 0 seconds."
"1","
"
"1","Chain "
"1","2"
"1",": "
"1","Adjust your expectations accordingly!"
"1","
"
"1","Chain "
"1","2"
"1",": "
"1",""
"1","
"
"1","Chain "
"1","2"
"1",": "
"1",""
"1","
"
"1","Chain "
"1","2"
"1",": "
"1","Iteration:    1 / 2000 [  0%]  (Warmup)"
"1","
"
"1","Chain "
"1","2"
"1",": "
"1","Iteration:  200 / 2000 [ 10%]  (Warmup)"
"1","
"
"1","Chain "
"1","2"
"1",": "
"1","Iteration:  400 / 2000 [ 20%]  (Warmup)"
"1","
"
"1","Chain "
"1","2"
"1",": "
"1","Iteration:  600 / 2000 [ 30%]  (Warmup)"
"1","
"
"1","Chain "
"1","2"
"1",": "
"1","Iteration:  800 / 2000 [ 40%]  (Warmup)"
"1","
"
"1","Chain "
"1","2"
"1",": "
"1","Iteration: 1000 / 2000 [ 50%]  (Warmup)"
"1","
"
"1","Chain "
"1","2"
"1",": "
"1","Iteration: 1001 / 2000 [ 50%]  (Sampling)"
"1","
"
"1","Chain "
"1","2"
"1",": "
"1","Iteration: 1200 / 2000 [ 60%]  (Sampling)"
"1","
"
"1","Chain "
"1","2"
"1",": "
"1","Iteration: 1400 / 2000 [ 70%]  (Sampling)"
"1","
"
"1","Chain "
"1","2"
"1",": "
"1","Iteration: 1600 / 2000 [ 80%]  (Sampling)"
"1","
"
"1","Chain "
"1","2"
"1",": "
"1","Iteration: 1800 / 2000 [ 90%]  (Sampling)"
"1","
"
"1","Chain "
"1","2"
"1",": "
"1","Iteration: 2000 / 2000 [100%]  (Sampling)"
"1","
"
"1","Chain "
"1","2"
"1",": "
"1",""
"1","
"
"1","Chain "
"1","2"
"1",": "
"1"," Elapsed Time: 0.134 seconds (Warm-up)"
"1","
"
"1","Chain "
"1","2"
"1",": "
"1","               0.132 seconds (Sampling)"
"1","
"
"1","Chain "
"1","2"
"1",": "
"1","               0.266 seconds (Total)"
"1","
"
"1","Chain "
"1","2"
"1",": "
"1",""
"1","
"
"1","
"
"1",""
"1","SAMPLING"
"1",""
"1"," FOR MODEL '"
"1",""
"1","b40a75da5b544885cb4558c2dae93e55"
"1",""
"1","' NOW (CHAIN "
"1",""
"1","3"
"1",""
"1",").
"
"1","Chain "
"1","3"
"1",": "
"1",""
"1","
"
"1","Chain "
"1","3"
"1",": "
"1","Gradient evaluation took 0 seconds"
"1","
"
"1","Chain "
"1","3"
"1",": "
"1","1000 transitions using 10 leapfrog steps per transition would take 0 seconds."
"1","
"
"1","Chain "
"1","3"
"1",": "
"1","Adjust your expectations accordingly!"
"1","
"
"1","Chain "
"1","3"
"1",": "
"1",""
"1","
"
"1","Chain "
"1","3"
"1",": "
"1",""
"1","
"
"1","Chain "
"1","3"
"1",": "
"1","Iteration:    1 / 2000 [  0%]  (Warmup)"
"1","
"
"1","Chain "
"1","3"
"1",": "
"1","Iteration:  200 / 2000 [ 10%]  (Warmup)"
"1","
"
"1","Chain "
"1","3"
"1",": "
"1","Iteration:  400 / 2000 [ 20%]  (Warmup)"
"1","
"
"1","Chain "
"1","3"
"1",": "
"1","Iteration:  600 / 2000 [ 30%]  (Warmup)"
"1","
"
"1","Chain "
"1","3"
"1",": "
"1","Iteration:  800 / 2000 [ 40%]  (Warmup)"
"1","
"
"1","Chain "
"1","3"
"1",": "
"1","Iteration: 1000 / 2000 [ 50%]  (Warmup)"
"1","
"
"1","Chain "
"1","3"
"1",": "
"1","Iteration: 1001 / 2000 [ 50%]  (Sampling)"
"1","
"
"1","Chain "
"1","3"
"1",": "
"1","Iteration: 1200 / 2000 [ 60%]  (Sampling)"
"1","
"
"1","Chain "
"1","3"
"1",": "
"1","Iteration: 1400 / 2000 [ 70%]  (Sampling)"
"1","
"
"1","Chain "
"1","3"
"1",": "
"1","Iteration: 1600 / 2000 [ 80%]  (Sampling)"
"1","
"
"1","Chain "
"1","3"
"1",": "
"1","Iteration: 1800 / 2000 [ 90%]  (Sampling)"
"1","
"
"1","Chain "
"1","3"
"1",": "
"1","Iteration: 2000 / 2000 [100%]  (Sampling)"
"1","
"
"1","Chain "
"1","3"
"1",": "
"1",""
"1","
"
"1","Chain "
"1","3"
"1",": "
"1"," Elapsed Time: 0.118 seconds (Warm-up)"
"1","
"
"1","Chain "
"1","3"
"1",": "
"1","               0.126 seconds (Sampling)"
"1","
"
"1","Chain "
"1","3"
"1",": "
"1","               0.244 seconds (Total)"
"1","
"
"1","Chain "
"1","3"
"1",": "
"1",""
"1","
"
"1","
"
"1",""
"1","SAMPLING"
"1",""
"1"," FOR MODEL '"
"1",""
"1","b40a75da5b544885cb4558c2dae93e55"
"1",""
"1","' NOW (CHAIN "
"1",""
"1","4"
"1",""
"1",").
"
"1","Chain "
"1","4"
"1",": "
"1",""
"1","
"
"1","Chain "
"1","4"
"1",": "
"1","Gradient evaluation took 0 seconds"
"1","
"
"1","Chain "
"1","4"
"1",": "
"1","1000 transitions using 10 leapfrog steps per transition would take 0 seconds."
"1","
"
"1","Chain "
"1","4"
"1",": "
"1","Adjust your expectations accordingly!"
"1","
"
"1","Chain "
"1","4"
"1",": "
"1",""
"1","
"
"1","Chain "
"1","4"
"1",": "
"1",""
"1","
"
"1","Chain "
"1","4"
"1",": "
"1","Iteration:    1 / 2000 [  0%]  (Warmup)"
"1","
"
"1","Chain "
"1","4"
"1",": "
"1","Iteration:  200 / 2000 [ 10%]  (Warmup)"
"1","
"
"1","Chain "
"1","4"
"1",": "
"1","Iteration:  400 / 2000 [ 20%]  (Warmup)"
"1","
"
"1","Chain "
"1","4"
"1",": "
"1","Iteration:  600 / 2000 [ 30%]  (Warmup)"
"1","
"
"1","Chain "
"1","4"
"1",": "
"1","Iteration:  800 / 2000 [ 40%]  (Warmup)"
"1","
"
"1","Chain "
"1","4"
"1",": "
"1","Iteration: 1000 / 2000 [ 50%]  (Warmup)"
"1","
"
"1","Chain "
"1","4"
"1",": "
"1","Iteration: 1001 / 2000 [ 50%]  (Sampling)"
"1","
"
"1","Chain "
"1","4"
"1",": "
"1","Iteration: 1200 / 2000 [ 60%]  (Sampling)"
"1","
"
"1","Chain "
"1","4"
"1",": "
"1","Iteration: 1400 / 2000 [ 70%]  (Sampling)"
"1","
"
"1","Chain "
"1","4"
"1",": "
"1","Iteration: 1600 / 2000 [ 80%]  (Sampling)"
"1","
"
"1","Chain "
"1","4"
"1",": "
"1","Iteration: 1800 / 2000 [ 90%]  (Sampling)"
"1","
"
"1","Chain "
"1","4"
"1",": "
"1","Iteration: 2000 / 2000 [100%]  (Sampling)"
"1","
"
"1","Chain "
"1","4"
"1",": "
"1",""
"1","
"
"1","Chain "
"1","4"
"1",": "
"1"," Elapsed Time: 0.204 seconds (Warm-up)"
"1","
"
"1","Chain "
"1","4"
"1",": "
"1","               0.193 seconds (Sampling)"
"1","
"
"1","Chain "
"1","4"
"1",": "
"1","               0.397 seconds (Total)"
"1","
"
"1","Chain "
"1","4"
"1",": "
"1",""
"1","
"
"0","saveRDS(five_five_brm, ""Models/five_five_brm.rds"")"
"0",""
"0","six_six_brm <- brm(glucose ~ trt,"
"0","                   data=six_six,"
"0","                   family=gaussian(),"
"0","                   file=""Models/six_six_brm.rds"","
"0","                   file_refit=""on_change"")"
"2","Compiling Stan program...
"
"2","Warning in system(paste(CXX, ARGS), ignore.stdout = TRUE, ignore.stderr = TRUE) :"
"2","
 "
"2"," '-E' not found
"
"2","Start sampling
"
"1","
"
"1",""
"1","SAMPLING"
"1",""
"1"," FOR MODEL '"
"1",""
"1","681a51b17ea2fd481ad8b0aa399b2c63"
"1",""
"1","' NOW (CHAIN "
"1",""
"1","1"
"1",""
"1",").
"
"1","Chain "
"1","1"
"1",": "
"1",""
"1","
"
"1","Chain "
"1","1"
"1",": "
"1","Gradient evaluation took 0 seconds"
"1","
"
"1","Chain "
"1","1"
"1",": "
"1","1000 transitions using 10 leapfrog steps per transition would take 0 seconds."
"1","
"
"1","Chain "
"1","1"
"1",": "
"1","Adjust your expectations accordingly!"
"1","
"
"1","Chain "
"1","1"
"1",": "
"1",""
"1","
"
"1","Chain "
"1","1"
"1",": "
"1",""
"1","
"
"1","Chain "
"1","1"
"1",": "
"1","Iteration:    1 / 2000 [  0%]  (Warmup)"
"1","
"
"1","Chain "
"1","1"
"1",": "
"1","Iteration:  200 / 2000 [ 10%]  (Warmup)"
"1","
"
"1","Chain "
"1","1"
"1",": "
"1","Iteration:  400 / 2000 [ 20%]  (Warmup)"
"1","
"
"1","Chain "
"1","1"
"1",": "
"1","Iteration:  600 / 2000 [ 30%]  (Warmup)"
"1","
"
"1","Chain "
"1","1"
"1",": "
"1","Iteration:  800 / 2000 [ 40%]  (Warmup)"
"1","
"
"1","Chain "
"1","1"
"1",": "
"1","Iteration: 1000 / 2000 [ 50%]  (Warmup)"
"1","
"
"1","Chain "
"1","1"
"1",": "
"1","Iteration: 1001 / 2000 [ 50%]  (Sampling)"
"1","
"
"1","Chain "
"1","1"
"1",": "
"1","Iteration: 1200 / 2000 [ 60%]  (Sampling)"
"1","
"
"1","Chain "
"1","1"
"1",": "
"1","Iteration: 1400 / 2000 [ 70%]  (Sampling)"
"1","
"
"1","Chain "
"1","1"
"1",": "
"1","Iteration: 1600 / 2000 [ 80%]  (Sampling)"
"1","
"
"1","Chain "
"1","1"
"1",": "
"1","Iteration: 1800 / 2000 [ 90%]  (Sampling)"
"1","
"
"1","Chain "
"1","1"
"1",": "
"1","Iteration: 2000 / 2000 [100%]  (Sampling)"
"1","
"
"1","Chain "
"1","1"
"1",": "
"1",""
"1","
"
"1","Chain "
"1","1"
"1",": "
"1"," Elapsed Time: 0.127 seconds (Warm-up)"
"1","
"
"1","Chain "
"1","1"
"1",": "
"1","               0.131 seconds (Sampling)"
"1","
"
"1","Chain "
"1","1"
"1",": "
"1","               0.258 seconds (Total)"
"1","
"
"1","Chain "
"1","1"
"1",": "
"1",""
"1","
"
"1","
"
"1",""
"1","SAMPLING"
"1",""
"1"," FOR MODEL '"
"1",""
"1","681a51b17ea2fd481ad8b0aa399b2c63"
"1",""
"1","' NOW (CHAIN "
"1",""
"1","2"
"1",""
"1",").
"
"1","Chain "
"1","2"
"1",": "
"1",""
"1","
"
"1","Chain "
"1","2"
"1",": "
"1","Gradient evaluation took 0 seconds"
"1","
"
"1","Chain "
"1","2"
"1",": "
"1","1000 transitions using 10 leapfrog steps per transition would take 0 seconds."
"1","
"
"1","Chain "
"1","2"
"1",": "
"1","Adjust your expectations accordingly!"
"1","
"
"1","Chain "
"1","2"
"1",": "
"1",""
"1","
"
"1","Chain "
"1","2"
"1",": "
"1",""
"1","
"
"1","Chain "
"1","2"
"1",": "
"1","Iteration:    1 / 2000 [  0%]  (Warmup)"
"1","
"
"1","Chain "
"1","2"
"1",": "
"1","Iteration:  200 / 2000 [ 10%]  (Warmup)"
"1","
"
"1","Chain "
"1","2"
"1",": "
"1","Iteration:  400 / 2000 [ 20%]  (Warmup)"
"1","
"
"1","Chain "
"1","2"
"1",": "
"1","Iteration:  600 / 2000 [ 30%]  (Warmup)"
"1","
"
"1","Chain "
"1","2"
"1",": "
"1","Iteration:  800 / 2000 [ 40%]  (Warmup)"
"1","
"
"1","Chain "
"1","2"
"1",": "
"1","Iteration: 1000 / 2000 [ 50%]  (Warmup)"
"1","
"
"1","Chain "
"1","2"
"1",": "
"1","Iteration: 1001 / 2000 [ 50%]  (Sampling)"
"1","
"
"1","Chain "
"1","2"
"1",": "
"1","Iteration: 1200 / 2000 [ 60%]  (Sampling)"
"1","
"
"1","Chain "
"1","2"
"1",": "
"1","Iteration: 1400 / 2000 [ 70%]  (Sampling)"
"1","
"
"1","Chain "
"1","2"
"1",": "
"1","Iteration: 1600 / 2000 [ 80%]  (Sampling)"
"1","
"
"1","Chain "
"1","2"
"1",": "
"1","Iteration: 1800 / 2000 [ 90%]  (Sampling)"
"1","
"
"1","Chain "
"1","2"
"1",": "
"1","Iteration: 2000 / 2000 [100%]  (Sampling)"
"1","
"
"1","Chain "
"1","2"
"1",": "
"1",""
"1","
"
"1","Chain "
"1","2"
"1",": "
"1"," Elapsed Time: 0.17 seconds (Warm-up)"
"1","
"
"1","Chain "
"1","2"
"1",": "
"1","               0.13 seconds (Sampling)"
"1","
"
"1","Chain "
"1","2"
"1",": "
"1","               0.3 seconds (Total)"
"1","
"
"1","Chain "
"1","2"
"1",": "
"1",""
"1","
"
"1","
"
"1",""
"1","SAMPLING"
"1",""
"1"," FOR MODEL '"
"1",""
"1","681a51b17ea2fd481ad8b0aa399b2c63"
"1",""
"1","' NOW (CHAIN "
"1",""
"1","3"
"1",""
"1",").
"
"1","Chain "
"1","3"
"1",": "
"1",""
"1","
"
"1","Chain "
"1","3"
"1",": "
"1","Gradient evaluation took 0 seconds"
"1","
"
"1","Chain "
"1","3"
"1",": "
"1","1000 transitions using 10 leapfrog steps per transition would take 0 seconds."
"1","
"
"1","Chain "
"1","3"
"1",": "
"1","Adjust your expectations accordingly!"
"1","
"
"1","Chain "
"1","3"
"1",": "
"1",""
"1","
"
"1","Chain "
"1","3"
"1",": "
"1",""
"1","
"
"1","Chain "
"1","3"
"1",": "
"1","Iteration:    1 / 2000 [  0%]  (Warmup)"
"1","
"
"1","Chain "
"1","3"
"1",": "
"1","Iteration:  200 / 2000 [ 10%]  (Warmup)"
"1","
"
"1","Chain "
"1","3"
"1",": "
"1","Iteration:  400 / 2000 [ 20%]  (Warmup)"
"1","
"
"1","Chain "
"1","3"
"1",": "
"1","Iteration:  600 / 2000 [ 30%]  (Warmup)"
"1","
"
"1","Chain "
"1","3"
"1",": "
"1","Iteration:  800 / 2000 [ 40%]  (Warmup)"
"1","
"
"1","Chain "
"1","3"
"1",": "
"1","Iteration: 1000 / 2000 [ 50%]  (Warmup)"
"1","
"
"1","Chain "
"1","3"
"1",": "
"1","Iteration: 1001 / 2000 [ 50%]  (Sampling)"
"1","
"
"1","Chain "
"1","3"
"1",": "
"1","Iteration: 1200 / 2000 [ 60%]  (Sampling)"
"1","
"
"1","Chain "
"1","3"
"1",": "
"1","Iteration: 1400 / 2000 [ 70%]  (Sampling)"
"1","
"
"1","Chain "
"1","3"
"1",": "
"1","Iteration: 1600 / 2000 [ 80%]  (Sampling)"
"1","
"
"1","Chain "
"1","3"
"1",": "
"1","Iteration: 1800 / 2000 [ 90%]  (Sampling)"
"1","
"
"1","Chain "
"1","3"
"1",": "
"1","Iteration: 2000 / 2000 [100%]  (Sampling)"
"1","
"
"1","Chain "
"1","3"
"1",": "
"1",""
"1","
"
"1","Chain "
"1","3"
"1",": "
"1"," Elapsed Time: 0.144 seconds (Warm-up)"
"1","
"
"1","Chain "
"1","3"
"1",": "
"1","               0.126 seconds (Sampling)"
"1","
"
"1","Chain "
"1","3"
"1",": "
"1","               0.27 seconds (Total)"
"1","
"
"1","Chain "
"1","3"
"1",": "
"1",""
"1","
"
"1","
"
"1",""
"1","SAMPLING"
"1",""
"1"," FOR MODEL '"
"1",""
"1","681a51b17ea2fd481ad8b0aa399b2c63"
"1",""
"1","' NOW (CHAIN "
"1",""
"1","4"
"1",""
"1",").
"
"1","Chain "
"1","4"
"1",": "
"1",""
"1","
"
"1","Chain "
"1","4"
"1",": "
"1","Gradient evaluation took 0 seconds"
"1","
"
"1","Chain "
"1","4"
"1",": "
"1","1000 transitions using 10 leapfrog steps per transition would take 0 seconds."
"1","
"
"1","Chain "
"1","4"
"1",": "
"1","Adjust your expectations accordingly!"
"1","
"
"1","Chain "
"1","4"
"1",": "
"1",""
"1","
"
"1","Chain "
"1","4"
"1",": "
"1",""
"1","
"
"1","Chain "
"1","4"
"1",": "
"1","Iteration:    1 / 2000 [  0%]  (Warmup)"
"1","
"
"1","Chain "
"1","4"
"1",": "
"1","Iteration:  200 / 2000 [ 10%]  (Warmup)"
"1","
"
"1","Chain "
"1","4"
"1",": "
"1","Iteration:  400 / 2000 [ 20%]  (Warmup)"
"1","
"
"1","Chain "
"1","4"
"1",": "
"1","Iteration:  600 / 2000 [ 30%]  (Warmup)"
"1","
"
"1","Chain "
"1","4"
"1",": "
"1","Iteration:  800 / 2000 [ 40%]  (Warmup)"
"1","
"
"1","Chain "
"1","4"
"1",": "
"1","Iteration: 1000 / 2000 [ 50%]  (Warmup)"
"1","
"
"1","Chain "
"1","4"
"1",": "
"1","Iteration: 1001 / 2000 [ 50%]  (Sampling)"
"1","
"
"1","Chain "
"1","4"
"1",": "
"1","Iteration: 1200 / 2000 [ 60%]  (Sampling)"
"1","
"
"1","Chain "
"1","4"
"1",": "
"1","Iteration: 1400 / 2000 [ 70%]  (Sampling)"
"1","
"
"1","Chain "
"1","4"
"1",": "
"1","Iteration: 1600 / 2000 [ 80%]  (Sampling)"
"1","
"
"1","Chain "
"1","4"
"1",": "
"1","Iteration: 1800 / 2000 [ 90%]  (Sampling)"
"1","
"
"1","Chain "
"1","4"
"1",": "
"1","Iteration: 2000 / 2000 [100%]  (Sampling)"
"1","
"
"1","Chain "
"1","4"
"1",": "
"1",""
"1","
"
"1","Chain "
"1","4"
"1",": "
"1"," Elapsed Time: 0.153 seconds (Warm-up)"
"1","
"
"1","Chain "
"1","4"
"1",": "
"1","               0.128 seconds (Sampling)"
"1","
"
"1","Chain "
"1","4"
"1",": "
"1","               0.281 seconds (Total)"
"1","
"
"1","Chain "
"1","4"
"1",": "
"1",""
"1","
"
"0","saveRDS(six_six_brm, ""Models/six_six_brm.rds"")"
"0",""
"0","#six_seven_brm <- brm(glucose ~ 1,"
"0"," #                    data=six_seven,"
"0","  #                   family=gaussian(),"
"0","   #                  file=""Models/six_seven_brm.rds"","
"0","    #                 file_refit=""on_change"")"
"0",""
"0","#saveRDS(six_seven_brm, ""Models/six_seven_brm.rds"")"
"0",""
"0","#seven_six_brm <- brm(glucose ~ 1,"
"0"," #                    data=seven_six,"
"0","  #                   family=gaussian(),"
"0","   #                  file=""Models/seven_six_brm.rds"","
"0","    #                 file_refit=""on_change"")"
"0",""
"0","#saveRDS(seven_six_brm, ""Models/seven_six_brm.rds"")"
